<?xml version="1.0" encoding="UTF-8"?>
<project-private xmlns="http://www.netbeans.org/ns/project-private/1">
    <editor-bookmarks xmlns="http://www.netbeans.org/ns/editor-bookmarks/2" lastBookmarkId="0"/>
    <open-files xmlns="http://www.netbeans.org/ns/projectui-open-files/2">
        <group>
            <file>file:/C:/Users/luis/Desktop/SingletonBankingSolution/src/com/example/SingletonBankingMain.java</file>
            <file>file:/C:/Users/luis/Desktop/SingletonBankingSolution/src/com/example/Account.java</file>
            <file>file:/C:/Users/luis/Desktop/SingletonBankingSolution/src/com/example/Bank.java</file>
            <file>file:/C:/Users/luis/Desktop/SingletonBankingSolution/src/com/example/CheckingAccount.java</file>
            <file>file:/C:/Users/luis/Desktop/SingletonBankingSolution/src/com/example/Customer.java</file>
            <file>file:/C:/Users/luis/Desktop/SingletonBankingSolution/src/com/example/CustomerReport.java</file>
            <file>file:/C:/Users/luis/Desktop/SingletonBankingSolution/src/com/example/TimeDepositAccount.java</file>
        </group>
    </open-files>
</project-private>
