<?xml version="1.0" encoding="UTF-8"?>
<project-private xmlns="http://www.netbeans.org/ns/project-private/1">
    <editor-bookmarks xmlns="http://www.netbeans.org/ns/editor-bookmarks/2" lastBookmarkId="0"/>
    <open-files xmlns="http://www.netbeans.org/ns/projectui-open-files/2">
        <group>
            <file>file:/C:/Users/luis/Desktop/Proyecto%20Final/src/java/Controlador/Solicitar.java</file>
            <file>file:/C:/Users/luis/Desktop/Proyecto%20Final/src/java/Controlador/Actualizar.java</file>
            <file>file:/C:/Users/luis/Desktop/Proyecto%20Final/src/java/Controlador/Registro.java</file>
            <file>file:/C:/Users/luis/Desktop/Proyecto%20Final/src/java/Controlador/BaseDatos.java</file>
            <file>file:/C:/Users/luis/Desktop/Proyecto%20Final/src/java/Controlador/Insertar.java</file>
            <file>file:/C:/Users/luis/Desktop/Proyecto%20Final/src/java/Controlador/Validar.java</file>
            <file>file:/C:/Users/luis/Desktop/Proyecto%20Final/nbproject/build-impl.xml</file>
            <file>file:/C:/Users/luis/Desktop/Proyecto%20Final/src/java/Controlador/Controlador.java</file>
            <file>file:/C:/Users/luis/Desktop/Proyecto%20Final/src/java/Controlador/Singleton.java</file>
        </group>
    </open-files>
</project-private>
